,author,title
0,Дафна Дюморье,"В погоне за счастьем, или Мэри-Энн"
1,Александр Дюма,Катрин Блюм
2,Олдос Хаксли,О дивный новый мир
3,Арчибалд Кронин,Замок Броуди
4,Оскар Уайльд,Портрет Дориана Грея
5,Андре Лори,Капитан Трафальгар
6,Дафна Дюморье,"Трактир ""Ямайка"""
7,Дафна Дюморье,Моя кузина Рейчел
8,Дафна Дюморье,Козел отпущения
9,Уильям Голдинг,Повелитель мух
10,Харпер Ли,Убить пересмешника…
11,Пелам Вудхаус,Летняя гроза
12,Пелам Вудхаус,Задохнуться можно
13,Пелам Вудхаус,Дядя Фред посещает свои угодья
14,Пелам Вудхаус,Дядя Фред весенней порой
15,Луиза Олкотт,Маленькие женщины
16,Арчибалд Кронин,Сын менестреля
17,Арчибалд Кронин,Грейси Линдсей
18,Эрих Ремарк,Три товарища
19,Агата Кристи,Десять негритят
20,Агата Кристи,"Убийство в ""Восточном экспрессе"""
21,Михаил Лермонтов,Герой нашего времени
22,Эрих Ремарк,Триумфальная арка
23,Оскар Уайльд,Соловей и роза
24,Джек Лондон,Мартин Иден
25,Владимир Набоков,Лолита
26,Эрих Ремарк,На Западном фронте без перемен
27,Джордж Оруэлл,1984
28,Федор Достоевский,Преступление и наказание
29,Константин Паустовский,Повесть о жизни
30,Жозеф Бедье,Тристан и Изольда
31,Эрих Ремарк,"Жизнь взаймы, или У неба любимчиков нет"
32,Евгений Замятин,Мы
33,Джордж Оруэлл,Скотный двор
34,Лев Толстой,Война и мир
35,Лев Толстой,Комплект из 2-х книг
36,Валерий Брюсов,Последние страницы из дневника женщины
37,Михаил Булгаков,Записки юного врача
38,Владимир Богомолов,Момент истины (В августе сорок четвертого)
39,Агата Кристи,Убийства по алфавиту
40,Владимир Богомолов,Момент истины
41,Владимир Богомолов,В августе сорок четвертого…
42,Арним фон,Вера
43,Владимир Набоков,"Ада, или Отрада"
44,Александр Фадеев,Молодая гвардия
45,Иван Шмелев,Лето Господне
46,Ирина Головкина,Лебединая песнь
47,Ирина Головкина,Побежденные
48,Анатолий Мариенгоф,Циники
49,Анатолий Мариенгоф,Бритый человек
50,Николай Гоголь,Вечера на хуторе близ Диканьки
51,Федор Достоевский,Братья Карамазовы
52,Венедикт Ерофеев,Москва-Петушки
53,Антон Чехов,Драма на охоте
54,Антон Чехов,Истинное происшествие
55,Георгий Полонский,Доживем до понедельника
56,Гайто Газданов,Вечер у Клэр
57,Гайто Газданов,Ночные дороги
58,Владимир Набоков,Пнин
59,Федор Достоевский,Бесы
60,Николай Гоголь,Миргород
61,Николай Гоголь,Петербургские повести
62,Сергей Бородин,Молниеносный Баязет
63,Валентин Иванов,По следу
64,Лев Толстой,Анна Каренина
65,Михаил Салтыков-Щедрин,История одного города
66,Василий Ян,Чингисхан
67,Андрей Платонов,В прекрасном и яростном мире
68,Федор Достоевский,Униженные и оскорбленные
69,Александр Пушкин,Дубровский
70,Александр Пушкин,Пиковая дама
71,Александр Пушкин,Египетские ночи
72,Александр Грибоедов,Горе от ума
73,Виктор Астафьев,Васюткино озеро
74,Владимир Сафронов,Блокадник
75,Надежда Тэффи,"Тонкие письма: Рассказы, воспоминания"
76,Федор Тютчев,Перед грозою
77,Михаил Булгаков,Полное собрание романов и повестей в одном томе
78,Николай Гоголь,Нос
79,Василий Ян,Батый
80,Михаил Зощенко,Юмористические рассказы
81,Алексей Толстой,Хождение по мукам
82,Константин Паустовский,Книги IV–VI
83,Юрий Олеша,Зависть
84,Юрий Олеша,Три Толстяка
85,Аркадий Аверченко,Юмористические рассказы
86,Иван Тургенев,Первая любовь
87,Федор Достоевский,Игрок
88,Евгений Шварц,Обыкновенное чудо
89,Евгений Шварц,"Пьесы, сказки"
90,Александр Беляев,Замок ведьм
91,Александр Беляев,Повести и рассказы
92,Владимир Обручев,Земля Санникова
93,Иван Ефремов,Туманность Андромеды
94,Николай Карамзин,Бедная Лиза
95,Вячеслав Шишков,Угрюм-река
96,Вячеслав Шишков,Книга 2
97,Лев Толстой,Кавказский пленник
98,Лев Толстой,Хаджи-Мурат
99,Лев Толстой,Повести и рассказы
100,Николай Гоголь,Мертвые души
101,Иван Ефремов,Час Быка
102,Михаил Булгаков,Белая гвардия
103,Александр Пушкин,Избранное
104,Джозефина Тэй,Дочь времени
105,Шарлотта Бронте,Джейн Эйр
106,Рюноскэ Акутагава,Ворота Расёмон
107,Валентин Распутин,Последний срок
108,Валентин Распутин,Живи и помни
109,Борис Пастернак,Доктор Живаго с иллюстрациями Леонида Пастернака
110,Константин Паустовский,Книги I-III
111,Екатерина Дашкова,Записки княгини Екатерины Дашковой
112,Артем Веселый,"Россия, кровью умытая"
113,Михаил Шолохов,Они сражались за Родину
114,Борис Житков,Виктор Вавич
115,Петр Краснов,Белая свитка
116,Николай Чернышевский,Что делать?
117,Чингиз Айтматов,Первый учитель
118,Виктор Астафьев,Прокляты и убиты
119,Максим Горький,Детство
120,Максим Горький,В людях
121,Максим Горький,Мои университеты
122,Надежда Тэффи,Кусочек жизни
123,Константин Симонов,Живые и мертвые
124,Чингиз Айтматов,"Прощай, Гульсары!"
125,Иван Ефремов,Таис Афинская
126,Виктор Астафьев,Царь-рыба
127,Николай Островский,Как закалялась сталь
128,Николай Некрасов,Кому на Руси жить хорошо
129,Николай Гоголь,Тарас Бульба
130,Николай Гоголь,Вий
131,Антон Чехов,Человек в футляре
132,Антон Чехов,Повести
133,Михаил Булгаков,Дни Турбиных
134,Михаил Булгаков,Бег
135,Михаил Булгаков,Дьяволиада
136,Михаил Булгаков,Роковые яйца
137,Иван Бунин,Солнечный удар
138,Александр Пушкин,Капитанская дочка
139,Александр Пушкин,Повести Белкина
140,Федор Достоевский,Записки из подполья
141,Федор Достоевский,Кроткая
142,Иван Бунин,Темные аллеи
143,Антон Чехов,Палата №6
144,Антон Чехов,Смерть чиновника
145,Владимир Арсеньев,В дебрях Уссурийского края
146,Марина Цветаева,Повесть о Сонечке
147,Иван Шмелев,Солнце Мертвых
148,Михаил Булгаков,Мастер и Маргарита
149,Владимир Обручев,Плутония
150,Федор Достоевский,Идиот
151,Александр Беляев,Человек-амфибия
152,Сергей Бородин,Костры похода
153,Александр Беляев,Избранные произведения
154,Борис Полевой,Повесть о настоящем человеке
155,Артур Дойл,Записки врача общей практики
156,Агата Кристи,Загадочное происшествие в Стайлзе
157,Джейн Остен,Гордость и предубеждение
158,Аркадий Гайдар,Тимур и его команда
159,Иван Гончаров,Обыкновенная история
160,Иван Ефремов,"Роман, повесть"
161,Александр Островский,Гроза
162,Алексей Толстой,Гиперболоид инженера Гарина
163,Алексей Толстой,Аэлита
164,Иван Тургенев,Записки охотника
165,Чингиз Айтматов,Малое собрание сочинений
166,Василий Аксенов,Малое собрание сочинений
167,Владимир Короленко,Малое собрание сочинений
168,Олег Куваев,Малое собрание сочинений
169,Анатолий Мариенгоф,Малое собрание сочинений
170,Владимир Обручев,Малое собрание сочинений
171,Ирина Одоевцева,Малое собрание сочинений
172,Юрий Олеша,Малое собрание сочинений
173,Юлиан Семенов,Малое собрание сочинений
174,Алексей Толстой,Малое собрание сочинений
175,Лидия Чарская,Малое собрание сочинений
176,Иван Шмелев,Малое собрание сочинений
177,Федор Достоевский,Чужая жена  и муж под кроватью
178,Николай Гоголь,Ревизор
179,Михаил Булгаков,Собачье сердце
180,Михаил Салтыков-Щедрин,Сказки
181,Алексей Толстой,В 2-х томах
182,Анатолий Рыбаков,Тяжелый песок
183,Лев Толстой,Севастопольские рассказы
184,Фазиль Искандер,Софичка
185,Лев Толстой,Смерть Ивана Ильича
186,Андрей Платонов,Чевенгур
187,Александр Куприн,Яма
188,Олег Куваев,Территория
189,Валентин Катаев,"Разбитая жизнь, или Волшебный рог Оберона"
190,Чингиз Айтматов,И дольше века длится день
191,Чингиз Айтматов,
192,Чингиз Айтматов,Тавро Кассандры
193,Чингиз Айтматов,Плаха
194,Чингиз Айтматов,"Романы, повести"
195,Виктор Астафьев,"Повести, рассказы"
196,Исаак Бабель,Одесские рассказы
197,Исаак Бабель,Конармия
198,Павел Бажов,Малахитовая шкатулка
199,Павел Бажов,Уральские сказы
200,Павел Бажов,Уральские были
201,Павел Бажов,Повести
202,Александр Беляев,Лучшее
203,Владимир Войнович,Жизнь и необычайные приключения солдата Ивана Чонкина
204,Владимир Войнович,Трилогия
205,Владимир Гиляровский,Москва и москвичи
206,Александр Грин,Алые паруса
207,Александр Грин,Бегущая по волнам
208,Александр Грин,"Романы, повести"
209,Евгений Замятин,Бич Божий
210,Евгений Замятин,"Романы, повести, рассказы, сказки"
211,Фазиль Искандер,Кролики и удавы
212,Фазиль Искандер,Человек и его окрестности
213,Джером Сэлинджер,Над пропастью во ржи
214,Синклер Льюис,Главная улица
215,Марсель Пруст,В поисках утраченного времени
216,Марсель Пруст,В 2-х т
217,Марсель Пруст,Т
218,Марсель Пруст,2
219,Марсель Пруст,Содом и Гоморра
220,Марсель Пруст,Пленница
221,Марсель Пруст,Беглянка
222,Марсель Пруст,Обретенное время
223,Лев Толстой,Воскресение
224,Борис Пастернак,Доктор Живаго
225,Гавриил Троепольский,Белый Бим Черное ухо
226,Михаил Булгаков,Морфий
227,Михаил Булгаков,"Рассказы, повесть"
228,Лев Толстой,Крейцерова соната: Повести
229,Федор Достоевский,Дневник писателя
230,Сергей Есенин,Исповедь хулигана
231,Николай Лесков,Леди Макбет Мценского уезда
232,Федор Тютчев,"Люблю глаза твои, мой друг"
233,Федор Тютчев,
234,Михаил Булгаков,Москва краснокаменная
235,Михаил Булгаков,"Рассказы, фельетоны 20-х годов"
236,Антон Чехов,Беседа пьяного с трезвым чертом
237,Иван Тургенев,Дворянское гнездо
238,Денис Фонвизин,Недоросль
239,Александр Куприн,Поединок
240,Александр Куприн,Повесть
241,Лев Толстой,Казаки
242,Антон Макаренко,Педагогическая поэма
243,Антон Чехов,Малое собрание сочинений
244,Александр Пушкин,Малое собрание сочинений
245,Федор Достоевский,Записки из Мертвого дома
246,Борис Пастернак,Малое собрание сочинений
247,Антон Чехов,Дачное удовольствие
248,Александр Солженицын,Архипелаг ГУЛАГ
249,Александр Солженицын,1918-1956
250,Александр Солженицын,Опыт художественного исследования
251,Александр Солженицын,Комплект из 3-х книг
252,Александр Грин,Блистающий мир
253,Александр Грин,Золотая цепь
254,Алексей Толстой,Князь Серебряный
255,Даниил Хармс,Случаи и Вещи
256,Федор Сологуб,Мелкий бес
257,Юрий Бондарев,Горячий снег
258,Николай Лесков,Левша
259,Максим Горький,Песня о Соколе
260,Аркадий Аверченко,Малое собрание сочинений
261,Константин Симонов,Двадцать дней без войны
262,Алексей Толстой,Петр Первый
263,Александр Солженицын,В круге первом
264,Фазиль Искандер,Сандро из Чегема
265,Константин Паустовский,Золотая роза
266,Александр Солженицын,Абрикосовое варенье
267,Венедикт Ерофеев,Записки психопата
268,Максим Горький,Мать
269,Вадим Кожевников,Щит и меч
270,Валентин Распутин,Прощание с Матёрой
271,Корней Чуковский,От двух до пяти
272,Антон Чехов,Пассажир первого класса
273,Михаил Шолохов,Донские рассказы
274,Борис Васильев,Не стреляйте белых лебедей
275,Михаил Шолохов,Поднятая целина
276,Андрей Белый,Петербург
277,Арчибалд Кронин,Испанский садовник
278,Арчибалд Кронин,Древо Иуды
279,Луиза Олкотт,Маленькие мужчины становятся взрослыми
280,Эмили Бронте,Грозовой перевал
281,Фрэнсис Фицджеральд,Великий Гэтсби
282,Аркадий Аверченко,Московское гостеприимство
283,Фазиль Искандер,Пиры Валтасара
284,Фазиль Искандер,Повести
285,Василий Розанов,Опавшие листья
286,Даниил Гранин,Иду на грозу
287,Михаил Булгаков,Записки на манжетах
288,Михаил Булгаков,Записки покойника
289,Федор Достоевский,Подросток
290,Михаил Шолохов,Малое собрание сочинений
291,Михаил Салтыков-Щедрин,Господа Головлевы
292,Валентин Катаев,Белеет парус одинокий
293,Чингиз Айтматов,"Пегий пес, бегущий краем моря"
294,Кир Булычев,Последняя война
295,Василий Ян,К последнему морю
296,Владимир Короленко,Дети подземелья
297,Михаил Зощенко,Перед восходом солнца
298,Лев Толстой,Том I-II
299,Лев Толстой,Том III-IV
300,Антон Чехов,Юмористические рассказы
301,Иван Бунин,Рассказы
302,Александр Куприн,Гранатовый браслет
303,Михаил Шолохов,Тихий Дон
304,Михаил Шолохов,Том I
305,Антон Чехов,Вишневый сад
306,Михаил Шолохов,Том II
307,Ивлин Во,Пригоршня праха
308,Ивлин Во,Мерзкая плоть
309,Ивлин Во,Упадок и разрушение
310,Александр Солженицын,Один день Ивана Денисовича
311,Александр Солженицын,Рассказы 60-х годов
312,Александр Пушкин,Избранная проза
313,Максим Горький,На дне
314,Максим Горький,Пьесы
315,Иван Тургенев,Первая любовь: Повести
316,Александр Солженицын,Раковый корпус
317,Федор Достоевский,Белые ночи
318,Николай Гоголь,Малое собрание сочинений
319,Антон Чехов,Дама с собачкой
320,Иван Тургенев,Отцы и дети
321,Александр Пушкин,Евгений Онегин
322,Николай Гоголь,"Повести, комедии"
323,Михаил Зощенко,Голубая книга
324,Варлам Шаламов,Колымские рассказы
325,Иван Гончаров,Обрыв
326,Андрей Платонов,Котлован
327,Михаил Шолохов,В 2-х томах
328,Михаил Шолохов,Комплект
329,Борис Васильев,А зори здесь тихие
330,Борис Васильев,
331,Даниил Андреев,Роза Мира
332,Михаил Шолохов,Судьба человека
333,Федор Достоевский,Бедные люди
334,Федор Достоевский,Вечный муж
335,Александр Радищев,Путешествие из Петербурга в Москву
336,Анатолий Рыбаков,Дети Арбата
337,Леонид Соловьев,Повесть о Ходже Насреддине
338,Юлиан Семенов,Семнадцать мгновений весны
339,Всеволод Крестовский,Петербургские трущобы
340,Всеволод Крестовский,В 2-х книгах
341,Надежда Тэффи,Трагедия счастья
342,Юрий Герман,Россия молодая
343,Юрий Герман,В 2-х томах
344,Вячеслав Шишков,В 2-х томах
345,Александр Пушкин,Маленькие трагедии
346,Александр Пушкин,Борис Годунов
347,Виктор Курочкин,На войне как на войне
348,Иван Тургенев,Песнь торжествующей любви
349,Вениамин Каверин,Двойной портрет
350,Вениамин Каверин,Наука расставания
351,Роберт Штильмарк,Наследник из Калькутты
352,Евгений Шварц,Обыкновенное чудо и другие пьесы
353,Аркадий Аверченко,Дюжина ножей в спину революции
354,Аркадий Аверченко,"Рассказы, фельетоны"
355,Василий Шукшин,Выбираю деревню на жительство
356,Рувим Фраерман,"Дикая собака динго, или Повесть о первой любви"
357,Евгений Замятин,Рассказ о самом главном
358,Алексей Черкасов,Хмель
359,Алексей Черкасов,Сказания о людях тайги
360,Максим Горький,Жизнь Клима Самгина
361,Максим Горький,Комплект из 3-х книг
362,Даниил Хармс,О явлениях и существованиях
363,Владимир Войнович,Книга 2
364,Владимир Войнович,Лицо привлеченное
365,Владимир Войнович,Книга 1
366,Владимир Войнович,Лицо неприкосновенное
367,Владимир Войнович,Книга 3
368,Владимир Войнович,Перемещенное лицо
369,Сергей Покровский,Охотники на мамонтов
370,Сергей Покровский,Поселок на озере
371,Юлиан Семенов,Бриллианты для диктатуры пролетариата
372,Константин Симонов,Комплект из 3-х книг
373,Антон Чехов,"Умри, несчастная! Театральные рассказы"
374,Александр Беляев,Ариэль
375,Александр Беляев,Продавец воздуха
376,Василий Шукшин,Ваш сын и брат
377,Александр Беляев,Остров Погибших Кораблей
378,Владимир Арсеньев,Дерсу Узала
379,Ирина Одоевцева,Оставь надежду навсегда
380,Булат Окуджава,Путешествие дилетантов
381,Дмитрий Григорович,Гуттаперчевый мальчик
382,Дмитрий Григорович,Повести
383,Юрий Герман,Мой друг Иван Лапшин
384,Виктор Некрасов,В окопах Сталинграда
385,Александр Островский,Таланты и поклонники
386,Василий Шукшин,До третьих петухов
387,Иван Гончаров,Обломов
388,Андрей Платонов,Сокровенный человек
389,Чингиз Айтматов,Когда падают горы
390,Константин Воробьев,Убиты под Москвой
391,Иван Ефремов,На краю Ойкумены
392,Максим Горький,Дело Артамоновых
393,Иван Шмелев,Неупиваемая Чаша
394,Василий Ян,Огни на курганах
395,Олег Куваев,Правила бегства
396,Василий Гроссман,За правое дело
397,Вениамин Каверин,Открытая книга
398,Борис Пастернак,Воздушные пути
399,Василий Шукшин,Калина красная
400,Алексей Толстой,Граф Калиостро
401,Уилки Коллинз,Мертвая комната
402,Ирина Одоевцева,Елисейские Поля
403,Ирина Одоевцева,"Романы, рассказы"
404,Анатолий Рыбаков,Кортик
405,Анатолий Рыбаков,Бронзовая птица
406,Анатолий Рыбаков,Выстрел
407,Анатолий Рыбаков,Водители
408,Юлиан Семенов,Противостояние
409,Юлиан Семенов,Романы
410,Александр Солженицын,Бодался телёнок с дубом
411,Александр Солженицын,Очерки литературной жизни
412,Лев Толстой,Комлект из 2-х книг
413,Антон Чехов,Избранное
414,Антон Чехов,В рождественскую ночь
415,Антон Чехов,Рассказы
416,Александр Пушкин,Повести
417,Александр Пушкин,Драматические произведения
418,Николай Лейкин,От него к ней и от нее к нему
419,Николай Лейкин,Веселые рассказы
420,Елена Гуро,Небесные верблюжата
421,Елена Гуро,Избранные произведения
422,Иван Тургенев,Накануне
423,Вера Калицкая,Моя жизнь с Александром Грином
424,Вера Калицкая,Воспоминания
425,Вера Калицкая,Очерки
426,Вера Калицкая,Письма
427,Иван Шмелев,Богомолье
428,Максим Горький,Дачники
429,Николай Гоголь,Россия
430,Николай Гоголь,Путь истины
431,Николай Гоголь,Философская проза
432,Константин Симонов,Солдатами не рождаются
433,Георгий Шилин,Прокаженные
434,Георгий Шилин,История лепрозория
435,Слово о полку Игореве. Избранные переводы,
436,Викентий Вересаев,Без дороги
437,Викентий Вересаев,В тупике
438,Иван Шмелев,Старый Валаам
439,Александр Полещук,Падает вверх
440,Дмитрий Фурманов,Мятеж
441,Николай Брешко-Брешковский,Сокровища Алмаз-Хана
442,Николай Брешко-Брешковский,"Женщины, кровь и бриллианты"
443,Николай Брешко-Брешковский,В 2 томах
444,Василий Ян,Лучшие исторические романы в одном томе
445,Николай Лейкин,Медные лбы
446,Николай Лейкин,Картинки с натуры
447,Петр Орловец,Клады великой Сибири
448,Борис Васильев,Завтра была война
449,Варлам Шаламов,Собрание шести циклов в одном томе
450,Агата Кристи,Вечеринка в Хэллоуин
451,Фрэнсис Бёрнетт,Таинственный сад
452,Юрий Казаков,Долгие крики
453,Виль Липатов,И это все о нем
454,Владимир Набоков,Истинная жизнь Севастьяна Найта
455,Владимир Арсеньев,В горах Сихоте-Алиня
456,Сергей Дурылин,"От ""Дон-Жуана"" до ""Муркина вестника ""Мяу-мяу"""""
457,Александр Грин,Продавец счастья
458,Александр Грин,Сборник
459,Василий Ардаматский,Ленинградская зима
460,Альбер Камю,Посторонний
461,Николай Гоголь,Записки сумасшедшего
462,Василий Комаровский,Сиреневая ночь
463,Василий Комаровский,Стихотворения и проза
464,Дмитрий Алешин,Азиатская одиссея
465,Пантелеймон Романов,Рассказы
466,Лев Брандт,Браслет Второй
467,Лев Брандт,Пират
468,Лев Брандт,Повести и рассказы
469,Алексей Толстой,Том 2
470,Николай Лесков,Обойденные
471,Виктор Михайлов,Под чужим именем
472,Петр Ширяев,Внук Тальони
473,Лидия Чарская,Белые пелеринки
474,Николай Брешко-Брешковский,Кровь Гогенцоллернов
475,Алексей Масаинов,Легенды Океании
476,Алексей Масаинов,"Рассказы, поэзия, очерки"
477,Николай Рерих,Меч Гессар-хана и другие сказания
478,Федор Достоевский,Ранняя проза
479,Федор Достоевский,Двойник
480,Федор Достоевский,Неточка Незванова
481,Иван Тургенев,Дым
482,Сергей Бородин,Дмитрий Донской
483,Александр Пушкин,Полное собрание прозы в одном томе
484,Федор Достоевский,Бобок
485,Алексей Толстой,Петр I
486,Алексей Толстой,Том 1
487,Николай Лесков,На ножах
488,Николай Лесков,Соборяне
489,Николай Лесков,Очарованный странник
490,Николай Лесков,Полное издание
491,Юлиан Семенов,Межконтинентальный узел
492,Николай Лейкин,Гуси лапчатые
493,Николай Лейкин,Юмористические картинки
494,Леонид Андреев,Иуда Искариот
495,Вера Крыжановская,Законодатели
496,Вера Крыжановская,Маги
497,Вера Крыжановская,Эликсир жизни
498,Лев Толстой,"Ходите в свете, пока есть свет"
499,Лидия Чарская,Гимназисты
500,Иван Бунин,Чистый понедельник
501,Антон Чехов,Большое собрание юмористических рассказов в одном томе
502,Николай Гоголь,Повести
503,Андрей Белый,Московский чудак
504,Андрей Белый,Москва под ударом
505,Михаил Агеев,Роман с кокаином
506,Сергей Заяицкий,Псы господни
507,Сергей Заяицкий,Повесть о Джордано Бруно
508,Александр Амфитеатров,Марья Лусьева
509,Александр Амфитеатров,Марья Лусьева за границей
510,Петр Павленко,Баррикады
511,Зинаида Гиппиус,Чертова кукла
512,Петр Дудоров-Орловец,"Приключения Карла Фрейберга, короля русских сыщиков"
513,Петр Павленко,Русская повесть
514,Сергей Заяицкий,Красавица с острова Люлю
515,Феоктист Березовский,Бабьи тропы
516,Алексей Толстой,Царь Иван Грозный
517,Алексей Толстой,Избранные сочинения
518,Николай Гоголь,Духовная проза
519,Григорий Данилевский,Княжна Тараканова
520,Михаил Каратеев,Возвращение
521,Владимир Даль,Казак Луганский
522,Владимир Даль,"Повести, рассказы, очерки"
523,Всеволод Крестовский,Уланы Цесаревича Константина
524,Лев Толстой,О жизни
525,Лидия Чарская,Лишний рот
526,Александр Колпаков,Гриада
527,Александр Тамоников,Боевые асы наркома
528,Александр Шкляревский,Рассказ судебного следователя
529,Яков Лович,Шанхайцы
530,Яков Лович,Комплект в 2-х томах
531,Юрий Тынянов,Кюхля
532,Иван Тургенев,Полное собрание романов в одном томе
533,Михаил Булгаков,Багровый остров
534,Михаил Булгаков,Сборник
535,Николай Гоголь,Полное собрание повестей в одном томе
536,Виктор Соснора,Ретро-реализм
537,Виктор Соснора,Мои друзья
538,Козьма Прутков,Козьма Прутков
539,Козьма Прутков,"Писатель, которого не было"
540,Антон Чехов,Святая простота
541,Николай Лейкин,Шуты гороховые
542,Лев Толстой,Шедевр мировой литературы в одном томе
543,Лев Толстой,Крейцерова соната
544,Александр Лурия,Потерянный и возвращенный мир
545,Михаил Салтыков-Щедрин,Пошехонская старина
546,Евгений Салиас,Названец
547,Евгений Салиас,Камер-юнгфера
548,Евгений Салиас,"Роман, повесть"
549,Юрий Бондарев,Батальоны просят огня
550,Саша Черный,Солдатские сказки
551,Саша Черный,21 сказка
552,Николай Задорнов,Хэда
553,Николай Задорнов,Гонконг
554,Борис Савинков,Конь бледный
555,Борис Савинков,Конь вороной
556,Валентин Распутин,Век живи — век люби
557,Валентин Распутин,"Повести, рассказы"
558,Валентин Распутин,Повести
559,Николай Оцуп,Беатриче в аду
560,Николай Лейкин,Меж трех огней
561,Николай Лейкин,Роман из актерской жизни
562,Исаак Бабель,Одесса - Петроград
563,Исаак Бабель,Работа над рассказом
564,Леон Богданов,Заметки о чаепитии и землетрясениях
565,Леон Богданов,Избранная проза
566,Александр Пушкин,Каменный гость
567,Вера Крыжановская,Два сфинкса
568,Дмитрий Мережковский,Рождение богов
569,Дмитрий Мережковский,Тутанкамон на Крите
570,Лидия Чарская,Тасино горе
571,Станислав Гагарин,Мясной Бор
572,Сергей Друковцов,Бабушкины сказки
573,Иван Тургенев,Муму
574,Иван Тургенев,Сборник
575,Михаил Пыляев,Старый Петербург
576,Владимир Набоков,Дар
577,Михаил Арцыбашев,Санин
578,Александр Островский,Сердце не камень
579,Константин Вагинов,Козлиная песнь
580,Константин Вагинов,Собрание произведений
581,Юрий Казаков,Двое в декабре
582,Александр Куприн,Звезда Соломона
583,Валентин Пикуль,Честь имею
584,Валентин Пикуль,Исповедь офицера Российского Генштаба
585,Михаил Арцыбашев,"Женщина, стоящая посреди"
586,Михаил Щепкин,Записки актера Щепкина
587,Лев Толстой,Отец Сергий
588,Михаил Лермонтов,Маскарад
589,Николай Толстой,Пришествие Короля
590,Всеволод Соловьев,Касимовская невеста
591,Всеволод Соловьев,Княжна Острожская
592,Александр Островский,Бешеные деньги
593,Дмитрий Мережковский,Маленькая Тереза
594,Леонид Андреев,Сборник рассказов
595,Конкордия Антарова,Две жизни
596,Конкордия Антарова,Все книги в одной
597,Конкордия Антарова,Обновленная редакция
598,Николай Задорнов,Симода
599,Николай Задорнов,Цунами
600,Николай Брешко-Брешковский,Шпионы и солдаты
601,Эмма Выгодская,Опасный беглец
602,Владимир Тан-Богораз,Союз молодых
603,Николай Шпанов,Ученик чародея
604,Эдуард Гранстрем,Два героя
605,Николай Шпанов,Первый удар
606,Борис Крамаренко,Плавни
607,Василий Анучин,По горам и лесам
608,Николай Брешко-Брешковский,Ремесло сатаны
609,Сергей Мстиславский,Грач - птица весенняя
610,Георгий Брянцев,Клинок эмира
611,Василий Ганибесов,Старатели
612,Лев Толстой,Дьявол
613,Лев Овалов,Майор Пронин и тайны чёрной магии
614,Валентин Распутин,Уроки французского
615,Елена Коркина,Ариадна Эфрон
616,Елена Коркина,Рассказанная жизнь
617,Сергей Павлов,Чердак Вселенной
618,Антон Чехов,Архиерей
619,Андрей Болотов,Шерлок Холмс в Санкт-Петербурге
620,Александр Пушкин,Пир во время чумы
621,Николай Гоголь,Женитьба
622,Лидия Чарская,Записки институтки
623,Александр Герцен,Былое и думы
624,Александр Герцен,Эмиграция
625,Валентин Пикуль,Псы господни
626,Валентин Пикуль,"Жирная, грязная и продажная"
627,Валентин Пикуль,Янычары
628,Александр Пушкин,Скупой рыцарь
629,Илья Ильф,Ильфиада
630,Илья Ильф,Комплект из 2 книг
631,Аркадий Аверченко,О маленьких для больших
632,Даниил Мордовцев,Москва слезам не верит
633,Иван Шмелев,Пути небесные
634,Иван Шмелев,Том I
635,Лидия Чарская,Гимназистки
636,Черный паук или Сатана в тюрьме,
637,Александр Беляев,Голова профессора Доуэля
638,Мария Левберг,"""Любовью и мечтой играя…"" Лирика"
639,Мария Левберг,Театр
640,Мария Левберг,Проза
641,Неол Рудин,Гул Москвы
642,Неол Рудин,Бессюжетные поэмы и другие произведения
643,Алексей Иванов,Остров мертвых
644,Алексей Иванов,Книга рассказов и повестей
645,Виктор Некрасов,Повесть
646,Варлам Шаламов,Книга 2
647,Иван Тургенев,Рудин
648,Вера Крыжановская,Царица Хатасу
649,Антон Чехов,Пьесы
650,Кондратий Рылеев,Думы
651,Лидия Чарская,Грозная дружина
652,Павел Мельников-Печерский,В лесах
653,Вера Крыжановская,Смерть планеты
654,Лев Толстой,Живой труп
655,Лев Толстой,Первая русская книга для чтения
656,Максим Горький,Варвары
657,Антон Чехов,Скучная история
658,Максим Горький,Дети солнца
659,Сергей Аксаков,Рассказы и воспоминания охотника о разных охотах
660,Николай Гоголь,"Повесть о том, как поссорился Иван Иванович с Иваном Никифоровичем"
661,Даниил Мордовцев,Сидение раскольников в Соловках
662,Николай Томан,Последний козырь
663,Николай Лесков,Запечатленный ангел
664,Николай Лесков,Сборник
665,Александр Герцен,Детская и университет
666,Александр Герцен,Тюрьма и ссылка
667,Александр Островский,Гроза и другие пьесы
668,Михаил Михайлов,Скромная доля
669,Валентин Распутин,Нежданно-негаданно
670,Валентин Распутин,Рассказы
671,Валентин Распутин,Деньги для Марии
672,Александр Волков,Волшебник Изумрудного города
673,Александр Волков,Урфин Джюс и его деревянные солдаты
674,Иван Тургенев,Стихотворения в прозе
675,Антон Чехов,Чайка
676,Антон Чехов,Дядя Ваня
677,Антон Чехов,Три сестры
678,Дмитрий Мамин-Сибиряк,Три конца
679,Алексей Писемский,Масоны
680,Алексей Чапыгин,Гулящие люди
681,Михаил Осоргин,Книга о концах
682,Александр Сухово-Кобылин,Смерть Тарелкина
683,Максим Горький,Фома Гордеев
684,Михаил Салтыков-Щедрин,Современная идиллия
685,Лев Толстой,Закон насилия и закон любви
686,Вера Крыжановская,Мертвая петля
687,Авдотья Панаева,Семейство Тальниковых
688,Авдотья Панаева,"Записки, найденные в бумагах покойницы"
689,Владимир Одоевский,Косморама
690,Иринкино счастье,
691,Александр Вельтман,Аттила
692,Александр Вельтман,Русь IV и V века
693,Александр Козачинский,Зеленый фургон
694,Александр Неверов,Ташкент - город хлебный
695,Александр Солженицын,Военное
696,Федор Достоевский,Игрок (из записок молодого человека)
697,Всеволод Крестовский,Кровавый пуф
698,Всеволод Крестовский,Книга 1
699,Всеволод Крестовский,Панургово стадо
700,Всеволод Крестовский,Книга 2
701,Всеволод Крестовский,Две силы
702,Всеволод Соловьев,Великий розенкрейцер
703,Алексей Писемский,Тысяча душ
704,Марк Алданов,Чертов мост
705,Петр Краснов,"Мантык, охотник на львов"
706,Иван Шмелев,Няня из Москвы
707,Петр Краснов,Екатерина Великая
708,Лев Толстой,Фальшивый купон
709,Сигизмунд Кржижановский,Воспоминания о будущем
710,Георгий Марков,Строговы
711,Сергей Павлов,Лунная радуга
712,Николай Гоголь,Собрание сочинений
713,Николай Гоголь,В 7-ми томах
714,Георгий Марков,Сибирь
715,Анатолий Иванов,Повитель
716,Максим Горький,Горемыка Павел
717,Кузьма Петров-Водкин,Хлыновск
718,Александр Амфитеатров,Жар-Цвет
719,Николай Гарин-Михайловский,Детство Тёмы
720,Григорий Адамов,Тайна двух океанов
721,Русь. Том I,
722,Лев Толстой,Сборник
723,Григорий Федосеев,Тропою испытаний
724,Дмитрий Петров-Бирюк,Испытание
725,Лев Толстой,Повести
726,Николай Гоголь,Поэма
727,Лев Толстой,Исповедь
728,Петр Краснов,Тихие подвижники
729,Иван Шмелев,Солнце мертвых
730,Александр Абрамов,Гибель шахмат
731,Александр Абрамов,Повести и рассказы
732,Михаил Каратеев,Богатыри проснулись
733,Владимир Одоевский,4338-й год
734,Владимир Одоевский,Петербургские письма
735,Владимир Одоевский,Взгляд на будущее
736,Алексей Новиков-Прибой,Цусима
737,Петр Краснов,На внутреннем фронте
738,Александр Чаянов,"Необычайные, но истинные приключения графа Федора Михайловича Бутурлина"
739,Леонид Андреев,Жизнь Человека
740,Николай Лесков,На краю света
741,Антон Чехов,Рассказ неизвестного человека
742,Антон Чехов,Палата № 6
743,Антон Чехов,Три года
744,Валентин Распутин,Пожар
745,Федор Абрамов,О чем плачут лошади
746,Леонид Добычин,Город Эн
747,Валерий Брюсов,Не воскрешайте меня!
748,Андрей Белый,Котик Летаев
749,Варлам Шаламов,Книга 1
750,Кузьма Петров-Водкин,Пространство Эвклида
751,Еремей Айпин,"Ханты, или Звезда Утренней Зари"
752,Лидия Чарская,Приключения Таси
753,Михаил Волконский,Слуга императора Павла
754,Михаил Волконский,Две жизни
755,Анатолий Виноградов,Осуждение Паганини
756,Петр Краснов,Ненависть
757,Валентин Курицын,Томские трущобы
758,Валентин Курицын,Уголовный роман-хроника
759,Алексей Писемский,Люди сороковых годов
760,Борис Житков,Книга Первая
761,Борис Житков,Книга Вторая
762,Лев Толстой,"Притчи, сказки, афоризмы Льва Толстого"
763,Наталья Венкстерн,Аничкина революция
764,Еремей Айпин,Божья Матерь в кровавых снегах
765,Леонид Андреев,Дневник Сатаны
766,Александр Куприн,Игрушка
767,Александр Куприн,Белый пудель
768,Александр Куприн,В цирке
769,Александр Куприн,Повести и рассказы
770,Валерий Брюсов,Алтарь Победы
771,Константин Вагинов,Бамбочада
772,Еремей Айпин,Река-в-Январе
773,Алексей Толстой,Семья вурдалака
774,Антон Чехов,Черный монах
775,Владимир Короленко,В дурном обществе
776,Василий Гроссман,Все течёт
777,Федор Достоевский,История одной женщины
778,Александр Пушкин,Повести покойного Ивана Петровича Белкина
779,Михаил Салтыков-Щедрин,За рубежом
780,Михаил Салтыков-Щедрин,Письма к тетеньке
781,Константин Станюкович,Севастопольский мальчик
782,Дмитрий Мережковский,Павел
783,Дмитрий Мережковский,Августин
784,Михаил Каратеев,Карач-мурза
785,Александр Барченко,Океан-кормилец
786,Лидия Чарская,Счастливчик
787,Александра Анненская,Анна
788,Жуки на булавках,
789,Опавшие листья,
790,Подвиг,
791,Леонид Андреев,Шесть рассказов
792,Дмитрий Петров-Бирюк,Ледяной поход
793,Василь Быков,Сотников
794,Валентин Катаев,Сын полка
795,Андрей Платонов,Сборник
796,Леонид Андреев,Красный смех
797,Вера Крыжановская,Нахэма
798,Вера Крыжановская,Рекенштейны
799,Фаддей Булгарин,Мазепа
800,А. Морской,Грех содомский
801,Григорий Брейтман,Жуткие рассказы
802,Дмитрий Петров-Бирюк,Казаки
803,Александр Грин,сБОРНИК
804,Николай Леонов,Трактир на Пятницкой
805,Николай Леонов,Агония
806,Владимир Одоевский,Пестрые сказки
807,Владимир Одоевский,Рассказы
